DESTINATION_SUBZONE,LU_H,LU_W,LU_O
1101053,0.13748378728923477,0.6420233463035019,0.2204928664072633
1101054,0.18085106382978725,0.5053191489361702,0.31382978723404253
1101055,0.4343891402714932,0.4479638009049774,0.11764705882352942
1101056,0.5422885572139303,0.31840796019900497,0.13930348258706468
1101057,0.7461300309597523,0.14860681114551083,0.10526315789473684
1101058,0.34536082474226804,0.3556701030927835,0.29896907216494845
1101060,0.532608695652174,0.3405797101449275,0.12681159420289856
1101061,0.028899082568807338,0.6614678899082569,0.3096330275229358
1101063,0.12956204379562045,0.6094890510948905,0.26094890510948904
1101064,0.1536926147704591,0.42714570858283435,0.4191616766467066
1101067,0.21300448430493274,0.5224215246636772,0.2645739910313901
1101068,0.32515337423312884,0.44785276073619634,0.22699386503067484
1101069,0.8154613466334164,0.12718204488778057,0.057356608478802994
1101070,0.6122448979591837,0.2142857142857143,0.17346938775510207
1101071,0.47478991596638653,0.3487394957983193,0.1764705882352941
1101072,0.28073394495412846,0.47155963302752296,0.24770642201834864
1101073,0.4158730158730158,0.36719576719576713,0.21693121693121692
1102052,0.07244655581947743,0.6484560570071258,0.27909738717339666
1102054,0.12386363636363634,0.5568181818181818,0.3193181818181818
1102055,0.041173152848279757,0.697687535250987,0.2611393119007332
1102057,0.2077922077922078,0.582972582972583,0.20923520923520925
1102058,0.4629629629629629,0.38580246913580246,0.15123456790123457
1102059,0.24659400544959126,0.5681198910081744,0.18528610354223435
1102060,0.08333333333333333,0.6757246376811594,0.24094202898550723
1102065,0.6331521739130436,0.25815217391304346,0.10869565217391304
1102067,0.42486085343228197,0.3914656771799629,0.18367346938775508
1102068,0.48837209302325585,0.3744186046511628,0.1372093023255814
1102069,0.21384928716904278,0.5743380855397149,0.21181262729124237
1102070,0.43309859154929575,0.3943661971830986,0.17253521126760563
1102071,0.5021008403361344,0.29831932773109243,0.19957983193277307
1102072,0.5190311418685121,0.3356401384083045,0.1453287197231834
1102073,0.7583892617449665,0.16442953020134227,0.07718120805369126
1103051,0.5603174603174603,0.24126984126984127,0.19841269841269843
1103052,0.482837528604119,0.3684210526315789,0.14874141876430205
1103053,0.2715572715572716,0.45302445302445304,0.2754182754182754
1103057,0.5844504021447721,0.23592493297587133,0.17962466487935658
1103058,0.5677083333333334,0.24479166666666666,0.18750000000000003
1103059,0.7166666666666668,0.19166666666666668,0.09166666666666667
1103063,0.5903846153846154,0.2653846153846154,0.14423076923076922
1103064,0.8,0.07586206896551725,0.12413793103448278
1103065,0.32432432432432434,0.4842342342342342,0.19144144144144143
1103066,0.6304347826086957,0.21304347826086953,0.15652173913043477
1103069,0.4870689655172415,0.27586206896551724,0.23706896551724138
1103070,0.5064599483204134,0.268733850129199,0.2248062015503876
1103071,0.3741496598639456,0.4285714285714286,0.19727891156462585
1103072,0.5271629778672032,0.30784708249496984,0.164989939637827
1103073,0.21329365079365079,0.48313492063492064,0.30357142857142855
1103074,0.38870967741935486,0.3612903225806452,0.25
1104052,0.5801749271137027,0.2565597667638484,0.163265306122449
1104054,0.46292585170340683,0.36472945891783565,0.17234468937875752
1104055,0.2782071097372488,0.5285935085007728,0.19319938176197834
1104056,0.30948905109489055,0.383941605839416,0.30656934306569344
1104057,0.5452054794520548,0.2821917808219178,0.17260273972602738
1104058,0.7084870848708488,0.1881918819188192,0.10332103321033212
1104059,0.5921985815602837,0.22695035460992907,0.18085106382978722
1104062,0.6336996336996338,0.24908424908424912,0.11721611721611722
1104065,0.3290113452188007,0.47974068071312803,0.1912479740680713
1104066,0.39886578449905485,0.4234404536862004,0.1776937618147448
1104067,0.3817504655493483,0.41713221601489764,0.2011173184357542
1104068,0.2950075642965204,0.5491679273827534,0.1558245083207262
1104069,0.669260700389105,0.2178988326848249,0.11284046692607001
1104070,0.49670329670329677,0.3626373626373627,0.14065934065934066
1104071,0.436046511627907,0.3023255813953489,0.2616279069767442
1104072,0.5728155339805825,0.19902912621359226,0.22815533980582525
1104073,0.5545851528384279,0.26419213973799127,0.1812227074235808
1105053,0.20617283950617285,0.5074074074074074,0.28641975308641976
1105054,0.47007299270072994,0.38978102189781016,0.14014598540145984
1105055,0.5183374083129585,0.2273838630806846,0.254278728606357
1105056,0.5751633986928104,0.24618736383442263,0.17864923747276687
1105057,0.4819277108433735,0.30120481927710846,0.21686746987951808
1105058,0.660245183887916,0.25744308231173385,0.08231173380035027
1105059,0.3569620253164557,0.3518987341772152,0.29113924050632906
1105060,0.43935926773455375,0.35926773455377575,0.2013729977116705
1105061,0.5167464114832536,0.2838915470494418,0.19936204146730463
1105062,0.4834710743801653,0.2851239669421488,0.23140495867768598
1105063,0.5925324675324676,0.2532467532467533,0.15422077922077923
1105064,0.35714285714285715,0.328042328042328,0.3148148148148148
1105065,0.6221322537112011,0.25101214574898784,0.12685560053981104
1105066,0.4555555555555556,0.24222222222222223,0.3022222222222222
1105067,0.565934065934066,0.21428571428571427,0.21978021978021978
1106071,0.3175542406311637,0.42603550295857984,0.2564102564102564
1106072,0.572972972972973,0.23963963963963966,0.18738738738738742
1106073,0.5818181818181818,0.23305785123966943,0.18512396694214878
1106080,0.4507042253521127,0.32957746478873234,0.21971830985915491
1106081,0.27184466019417475,0.5609492988133765,0.16720604099244876
1106082,0.3580121703853955,0.31135902636916835,0.3306288032454361
1106083,0.4195046439628483,0.25541795665634676,0.325077399380805
1106084,0.5499999999999999,0.2571428571428571,0.19285714285714284
1106086,0.5714285714285715,0.2207792207792208,0.2077922077922078
1106087,0.438695163104612,0.37907761529808776,0.18222722159730037
1106088,0.44533762057877807,0.3183279742765273,0.23633440514469453
1106089,0.48089591567852435,0.24110671936758893,0.2779973649538867
1106090,0.7004716981132075,0.12264150943396226,0.17688679245283018
1106091,0.4596949891067539,0.27233115468409586,0.2679738562091503
1107052,0.5459459459459459,0.23783783783783782,0.2162162162162162
1107054,0.6622950819672131,0.21311475409836064,0.12459016393442622
1107055,0.6192052980132451,0.17218543046357618,0.20860927152317882
1107057,0.48641975308641977,0.20493827160493827,0.30864197530864196
1107059,0.5649452269170578,0.2535211267605634,0.1815336463223787
1107060,0.34523809523809523,0.2976190476190476,0.3571428571428571
1107061,0.5859375,0.31510416666666663,0.09895833333333333
1107062,0.6370370370370371,0.17407407407407408,0.18888888888888888
1107064,0.526706231454006,0.2314540059347181,0.241839762611276
1107065,0.6763485477178423,0.17427385892116182,0.14937759336099585
1107068,0.7566137566137566,0.18518518518518517,0.0582010582010582
1107069,0.5399644760213144,0.23090586145648315,0.22912966252220252
1107070,0.5254237288135593,0.2683615819209039,0.20621468926553674
1107071,0.5862445414847162,0.2663755458515284,0.14737991266375547
1107072,0.4794520547945205,0.1643835616438356,0.3561643835616438
1107073,0.4043624161073826,0.2852348993288591,0.3104026845637584
1108058,0.4779116465863454,0.30522088353413657,0.2168674698795181
1108059,0.738095238095238,0.13095238095238096,0.13095238095238096
1108060,0.392570281124498,0.3744979919678715,0.23293172690763048
1108061,0.5026595744680851,0.32978723404255317,0.1675531914893617
1108062,0.7567567567567568,0.13513513513513511,0.1081081081081081
1108063,0.6,0.21038961038961038,0.18961038961038962
1108064,0.490566037735849,0.4150943396226415,0.09433962264150944
1108065,0.5176211453744494,0.2511013215859031,0.2312775330396476
1108066,0.5085130533484676,0.2973893303064699,0.19409761634506242
1108068,0.3880208333333333,0.21614583333333334,0.3958333333333333
1108071,0.611111111111111,0.24897119341563784,0.13991769547325103
1108072,0.456575682382134,0.33250620347394544,0.21091811414392062
1108076,0.5719298245614035,0.27017543859649124,0.15789473684210525
1108077,0.5899122807017544,0.2916666666666667,0.11842105263157895
1108078,0.7186544342507646,0.1834862385321101,0.09785932721712538
1108081,0.4126984126984127,0.36243386243386244,0.22486772486772488
1108082,0.37019969278033793,0.4116743471582181,0.21812596006144394
1108083,0.4898139946855624,0.29229406554472986,0.2178919397697077
1108084,0.5115894039735099,0.33112582781456956,0.15728476821192053
1108085,0.5163265306122449,0.2816326530612245,0.2020408163265306
1109060,0.4805194805194805,0.3320964749536178,0.18738404452690166
1109061,0.6556473829201102,0.19559228650137742,0.1487603305785124
1109062,0.6844919786096256,0.13903743315508021,0.17647058823529413
1109063,0.4270676691729324,0.35037593984962406,0.2225563909774436
1109064,0.6376811594202898,0.19082125603864733,0.17149758454106281
1109065,0.4292452830188679,0.32075471698113206,0.25
1109069,0.5304518664047152,0.2907662082514735,0.1787819253438114
1109070,0.4395604395604396,0.3642072213500785,0.19623233908948196
1109071,0.47626339969372133,0.29096477794793263,0.2327718223583461
1109072,0.6132478632478633,0.25641025641025644,0.13034188034188035
1109073,0.7300613496932514,0.1380368098159509,0.13190184049079756
1109074,0.5576036866359447,0.20967741935483872,0.2327188940092166
1109075,0.5216535433070866,0.3267716535433071,0.1515748031496063
1110051,0.42136498516320475,0.38575667655786344,0.19287833827893172
1110052,0.5702970297029704,0.24554455445544554,0.18415841584158416
1110053,0.5130718954248367,0.2908496732026144,0.19607843137254902
1110054,0.6524822695035462,0.22695035460992907,0.12056737588652483
1110055,0.4637268847795164,0.2972972972972973,0.23897581792318637
1110056,0.5791962174940899,0.23167848699763594,0.18912529550827423
1110057,0.7054631828978623,0.12589073634204276,0.16864608076009502
1110059,0.5380710659898478,0.28426395939086296,0.17766497461928935
1110060,0.5468409586056644,0.2941176470588235,0.15904139433551198
1110061,0.7379310344827587,0.15632183908045977,0.10574712643678161
1110062,0.5128518971848225,0.24724602203182375,0.23990208078335373
1110063,0.5155096011816839,0.24224519940915806,0.24224519940915806
1110064,0.4488636363636364,0.3494318181818182,0.2017045454545455
1110065,0.6414253897550112,0.22494432071269488,0.13363028953229397
1111051,0.45200698080279234,0.3525305410122164,0.1954624781849913
1111052,0.49156118143459915,0.35864978902953587,0.14978902953586498
1111053,0.7078189300411523,0.1213991769547325,0.17078189300411523
1111056,0.4043624161073826,0.41107382550335575,0.18456375838926176
1111058,0.3890845070422535,0.3873239436619718,0.22359154929577463
1111059,0.7952755905511811,0.14173228346456695,0.06299212598425197
1111060,0.5177664974619289,0.31218274111675126,0.1700507614213198
1111061,0.47145488029465926,0.32044198895027626,0.20810313075506445
1111064,0.5233853006681515,0.2873051224944321,0.18930957683741648
1111065,0.5172413793103449,0.2838196286472149,0.1989389920424403
1111066,0.24744027303754268,0.3412969283276451,0.4112627986348123
1111069,0.5059880239520959,0.2904191616766467,0.20359281437125748
1111072,0.5884146341463414,0.24085365853658536,0.17073170731707318
1111073,0.5518763796909492,0.293598233995585,0.1545253863134658
1111074,0.5886075949367089,0.2721518987341772,0.13924050632911394
1111076,0.6552631578947369,0.20526315789473684,0.13947368421052633
1111077,0.41842105263157897,0.32894736842105265,0.25263157894736843
1111078,0.5772811918063314,0.23649906890130354,0.186219739292365
1111079,0.4993804213135068,0.27757125154894674,0.22304832713754644
1112051,0.6047904191616766,0.26946107784431134,0.12574850299401197
1112052,0.5869565217391304,0.27717391304347827,0.1358695652173913
1112055,0.517948717948718,0.24957264957264957,0.23247863247863249
1112056,0.5583657587548638,0.29377431906614787,0.14785992217898833
1112057,0.5168918918918918,0.34966216216216217,0.13344594594594594
1112058,0.3712984054669704,0.31890660592255127,0.3097949886104784
1112059,0.33739130434782605,0.3634782608695652,0.2991304347826087
1112060,0.5357142857142857,0.287593984962406,0.17669172932330826
1112065,0.5954545454545455,0.23863636363636362,0.1659090909090909
1112066,0.5199999999999999,0.29333333333333333,0.18666666666666668
1112067,0.5540229885057472,0.2528735632183908,0.19310344827586207
1112068,0.6265060240963856,0.20240963855421687,0.1710843373493976
1112071,0.5609418282548476,0.20360110803324102,0.23545706371191136
1112072,0.5314814814814814,0.3074074074074074,0.16111111111111112
1112073,0.5458015267175573,0.2633587786259542,0.19083969465648856
1112074,0.6483516483516484,0.2263736263736264,0.1252747252747253
1113052,0.5499999999999999,0.22272727272727275,0.2272727272727273
1113062,0.4331337325349301,0.2894211576846307,0.2774451097804391
1113064,0.5240875912408759,0.2978102189781022,0.17810218978102188
1113065,0.5785123966942148,0.26033057851239666,0.1611570247933884
1113066,0.59958071278826,0.24109014675052406,0.1593291404612159
1113068,0.5139664804469274,0.34636871508379885,0.13966480446927373
1113069,0.5308056872037915,0.20853080568720378,0.2606635071090047
1113070,0.566412213740458,0.2732824427480916,0.16030534351145037
1113071,0.6235294117647059,0.27352941176470585,0.10294117647058824
1113072,0.6220302375809936,0.21166306695464362,0.16630669546436286
1113073,0.31008717310087175,0.5404732254047323,0.14943960149439603
1113074,0.4348894348894349,0.3955773955773955,0.16953316953316952
1113075,0.18214285714285713,0.48999999999999994,0.32785714285714285
1113076,0.4597839135654262,0.29531812725090034,0.24489795918367346
1114059,0.3727087576374745,0.3543788187372709,0.2729124236252546
1114060,0.1812627291242363,0.5091649694501019,0.30957230142566194
1114061,0.5604113110539846,0.26221079691516713,0.17737789203084836
1114063,0.4586776859504132,0.33057851239669417,0.21074380165289253
1114066,0.21284019539427776,0.4633635729239358,0.32379623168178645
1114068,0.3340122199592668,0.48268839103869654,0.18329938900203666
1114069,0.47128712871287126,0.22970297029702968,0.299009900990099
1114070,0.5630434782608695,0.24130434782608695,0.19565217391304343
1114071,0.5266990291262136,0.2815533980582524,0.19174757281553398
1114072,0.5163636363636364,0.3436363636363636,0.13999999999999999
1114073,0.5246636771300449,0.25112107623318386,0.2242152466367713
1114074,0.2837370242214533,0.47520184544406,0.24106113033448676
1114075,0.39909297052154197,0.3900226757369615,0.21088435374149658
1114076,0.3197781885397412,0.4491682070240296,0.23105360443622922
1114077,0.38170731707317074,0.373170731707317,0.2451219512195122
1114078,0.42629904559915166,0.4093319194061506,0.16436903499469777
1115051,0.2621127879269261,0.369340746624305,0.3685464654487688
1115052,0.6420581655480985,0.13870246085011187,0.21923937360178972
1115053,0.576530612244898,0.2423469387755102,0.18112244897959184
1115054,0.5907692307692307,0.2646153846153846,0.1446153846153846
1115057,0.6623376623376623,0.13961038961038963,0.19805194805194806
1115058,0.5270270270270271,0.2945945945945946,0.1783783783783784
1115059,0.43944636678200694,0.273356401384083,0.28719723183391005
1115060,0.6630434782608695,0.16666666666666666,0.17028985507246375
1115061,0.5074626865671642,0.23507462686567163,0.2574626865671642
1115062,0.6178343949044586,0.21337579617834396,0.16878980891719747
1115063,0.6512345679012346,0.16049382716049385,0.1882716049382716
1115064,0.4943820224719101,0.24269662921348312,0.26292134831460673
1115065,0.7069408740359897,0.15167095115681234,0.14138817480719795
1115066,0.6054006968641115,0.2073170731707317,0.18728222996515678
1115069,0.4060721062618595,0.17267552182163187,0.42125237191650855
1115070,0.678294573643411,0.18023255813953487,0.14147286821705427
1115071,0.4991482112436116,0.25894378194207834,0.24190800681431007
1115072,0.3853211009174312,0.3834862385321101,0.2311926605504587
1116051,0.4935779816513761,0.2752293577981651,0.2311926605504587
1116052,0.3529411764705882,0.3753501400560224,0.27170868347338933
1116053,0.42606516290726815,0.3684210526315789,0.20551378446115287
1116054,0.5322265625,0.2958984375,0.171875
1116055,0.5218216318785578,0.25426944971537,0.22390891840607208
1116057,0.563265306122449,0.35918367346938773,0.07755102040816325
1116058,0.711484593837535,0.12885154061624648,0.1596638655462185
1116059,0.5577689243027888,0.20318725099601592,0.23904382470119517
1116061,0.5839598997493735,0.22807017543859648,0.18796992481203006
1116063,0.5163043478260869,0.2644927536231884,0.2192028985507246
1116064,0.25236593059936907,0.4621451104100946,0.2854889589905362
1116065,0.5630841121495327,0.1425233644859813,0.29439252336448596
1116066,0.5211267605633803,0.1596244131455399,0.3192488262910798
1116067,0.27462121212121215,0.45265151515151514,0.27272727272727276
1116069,0.39952718676122934,0.3900709219858156,0.2104018912529551
1116070,0.46009389671361506,0.176056338028169,0.36384976525821594
1116071,0.4829443447037702,0.2728904847396768,0.24416517055655296
1116072,0.5563549160671463,0.2038369304556355,0.23980815347721823
1116073,0.546572934973638,0.21441124780316342,0.2390158172231986
1116074,0.5783132530120482,0.22030981067125643,0.20137693631669532
1117051,0.40896091515729266,0.32793136320305055,0.26310772163965684
1117052,0.6434977578475336,0.2802690582959641,0.07623318385650224
1117054,0.2664735698769008,0.5430847212165099,0.19044170890658943
1117055,0.5420560747663552,0.23364485981308408,0.22429906542056072
1117056,0.39194139194139194,0.39072039072039066,0.21733821733821734
1117061,0.4927325581395349,0.35755813953488375,0.1497093023255814
1117062,0.5400943396226415,0.3113207547169811,0.14858490566037735
1117064,0.5901960784313726,0.26078431372549016,0.14901960784313723
1117065,0.5291828793774319,0.3424124513618677,0.12840466926070038
1117067,0.5432692307692308,0.2644230769230769,0.1923076923076923
1117069,0.5193482688391039,0.3136456211812627,0.1670061099796334
1117070,0.6299212598425197,0.22440944881889766,0.14566929133858267
1117071,0.30133928571428575,0.5078125,0.19084821428571433
1117072,0.6394557823129252,0.253968253968254,0.10657596371882086
1118051,0.20333102012491325,0.6308119361554475,0.16585704371963914
1118052,0.4487678339818418,0.330739299610895,0.2204928664072633
1118053,0.5644329896907216,0.365979381443299,0.06958762886597938
1118054,0.5575221238938053,0.2964601769911504,0.14601769911504422
1118055,0.5450081833060556,0.23240589198036007,0.2225859247135843
1118057,0.4025229357798165,0.30160550458715596,0.2958715596330275
1118058,0.6319444444444444,0.2453703703703704,0.1226851851851852
1118059,0.5014164305949008,0.41076487252124644,0.08781869688385267
1118060,0.7364705882352941,0.14352941176470588,0.12000000000000001
1118061,0.6324435318275153,0.19096509240246407,0.17659137577002054
1119054,0.12024825446082234,0.6520558572536851,0.22769588828549261
1119055,0.37455830388692574,0.3657243816254417,0.25971731448763247
1119056,0.3962962962962963,0.37160493827160496,0.23209876543209876
1119061,0.4821958456973294,0.2893175074183976,0.22848664688427298
1119062,0.3295194508009153,0.5011441647597253,0.16933638443935925
1119063,0.5882352941176471,0.19934640522875816,0.2124183006535948
1119065,0.5247706422018349,0.28256880733944956,0.1926605504587156
1119066,0.5574912891986062,0.24738675958188155,0.19512195121951223
1119067,0.5620689655172414,0.25172413793103454,0.18620689655172415
1119068,0.5507246376811594,0.2505175983436853,0.19875776397515527
1119069,0.6373056994818652,0.18134715025906736,0.18134715025906736
1119070,0.46979865771812085,0.34731543624161076,0.18288590604026847
1119071,0.5878136200716846,0.26881720430107525,0.14336917562724014
1119072,0.511049723756906,0.2569060773480663,0.23204419889502764
1119073,0.37810218978102195,0.3664233576642336,0.25547445255474455
1119074,0.22857142857142854,0.45024630541871924,0.3211822660098522
1119075,0.643874643874644,0.17663817663817663,0.1794871794871795
1119076,0.33170731707317075,0.4512195121951219,0.21707317073170732
1120052,0.5173501577287066,0.22082018927444794,0.2618296529968454
1120053,0.48721071863581,0.3276492082825822,0.1851400730816078
1120054,0.5995145631067962,0.15776699029126212,0.24271844660194175
1120055,0.6595744680851064,0.07736943907156674,0.2630560928433269
1120056,0.6209964412811388,0.20462633451957293,0.17437722419928825
1120063,0.23370786516853934,0.44719101123595506,0.31910112359550563
1120065,0.49643366619115553,0.3067047075606277,0.19686162624821685
1120066,0.5326633165829145,0.185929648241206,0.2814070351758794
1120067,0.6557971014492753,0.21014492753623185,0.13405797101449274
1120068,0.4754491017964072,0.38083832335329343,0.1437125748502994
1120069,0.7434782608695651,0.1695652173913043,0.08695652173913042
1120070,0.39157372986369265,0.31722428748451054,0.29120198265179675
1120071,0.3800904977375566,0.41063348416289597,0.20927601809954752
1120072,0.40534759358288774,0.37647058823529417,0.2181818181818182
1120073,0.4334532374100719,0.24100719424460432,0.3255395683453237
1121052,0.558091286307054,0.23858921161825727,0.20331950207468882
1121054,0.8076923076923077,0.07692307692307693,0.11538461538461538
1121057,0.5742296918767508,0.22969187675070027,0.19607843137254902
1121058,0.3605263157894737,0.35263157894736846,0.2868421052631579
1121061,0.2883597883597883,0.4126984126984126,0.29894179894179895
1121062,0.62778730703259,0.2109777015437393,0.16123499142367068
1121063,0.5401234567901235,0.2345679012345679,0.22530864197530867
1121064,0.5280898876404494,0.1842696629213483,0.2876404494382022
1121065,0.6353276353276354,0.17094017094017094,0.19373219373219375
1121066,0.6162790697674418,0.1744186046511628,0.20930232558139533
1121068,0.6360078277886497,0.1761252446183953,0.18786692759295498
1121069,0.3264659270998415,0.3676703645007924,0.30586370839936605
1121071,0.7218309859154929,0.11619718309859155,0.16197183098591547
1121072,0.578397212543554,0.17421602787456447,0.24738675958188155
1121073,0.37866108786610875,0.34832635983263593,0.27301255230125526
1121078,0.5536842105263158,0.27157894736842103,0.17473684210526316
1121079,0.6520376175548589,0.23824451410658304,0.109717868338558
1121080,0.4112903225806452,0.3064516129032258,0.28225806451612906
1121081,0.5907258064516129,0.19153225806451613,0.21774193548387097
1121082,0.5584415584415584,0.18831168831168832,0.2532467532467532
1121083,0.5221932114882506,0.17101827676240208,0.30678851174934724
1122051,0.2348993288590604,0.5677852348993289,0.19731543624161074
1122052,0.30596026490066225,0.48874172185430464,0.2052980132450331
1122053,0.2153960029607698,0.6017764618800888,0.18282753515914138
1122054,0.2996108949416343,0.4182879377431907,0.28210116731517515
1122055,0.37656903765690375,0.45606694560669453,0.16736401673640167
1122056,0.4444444444444445,0.39613526570048313,0.15942028985507248
1122057,0.4972273567467652,0.3585951940850277,0.14417744916820702
1122058,0.5045871559633028,0.3363914373088685,0.15902140672782877
1122059,0.5825242718446602,0.19417475728155337,0.22330097087378642
1122060,0.2786885245901639,0.35435056746532156,0.3669609079445145
1122061,0.4411764705882352,0.3419117647058823,0.21691176470588233
1122062,0.4246153846153846,0.3338461538461538,0.2415384615384615
1122063,0.5107913669064749,0.2949640287769784,0.19424460431654675
1122064,0.5226039783001808,0.26220614828209765,0.2151898734177215
1122065,0.5610169491525423,0.2847457627118644,0.1542372881355932
1122066,0.40414507772020725,0.41139896373056994,0.1844559585492228
1122067,0.3110539845758355,0.4023136246786633,0.2866323907455013
1122068,0.5950920245398773,0.25460122699386506,0.15030674846625766
1123051,0.2716186252771619,0.44900221729490025,0.27937915742793795
1123052,0.2954063604240283,0.5597173144876325,0.14487632508833923
1123053,0.28253968253968254,0.5142857142857142,0.20317460317460317
1123058,0.12426900584795321,0.6147660818713451,0.26096491228070173
1123059,0.28311057108140947,0.5188335358444714,0.19805589307411905
1123060,0.3666666666666667,0.4416666666666667,0.19166666666666668
1123063,0.18371212121212122,0.5151515151515151,0.30113636363636365
1123064,0.09211444521981856,0.6727145847871598,0.23517096999302162
1123065,0.4395750332005312,0.40371845949535196,0.15670650730411687
1123066,0.3030821917808219,0.4400684931506849,0.2568493150684931
1123067,0.35714285714285715,0.43367346938775514,0.20918367346938777
1123068,0.6470588235294118,0.26854219948849106,0.08439897698209718
1123071,0.5263157894736842,0.2368421052631579,0.2368421052631579
1123072,0.3937575030012005,0.3385354141656663,0.26770708283313327
1123073,0.6388059701492538,0.2119402985074627,0.1492537313432836
1123074,0.5991820040899796,0.2269938650306749,0.17382413087934562
1123075,0.4307400379506641,0.3510436432637571,0.2182163187855787
1123076,0.6046511627906976,0.24224806201550386,0.15310077519379844
1123077,0.1964573268921095,0.5136876006441224,0.2898550724637681
1123078,0.2846715328467153,0.5065693430656935,0.20875912408759126
1123079,0.38557692307692304,0.43173076923076925,0.18269230769230768
1123080,0.5251479289940828,0.3195266272189349,0.15532544378698226
1124051,0.5294117647058824,0.28431372549019607,0.18627450980392157
1124052,0.5117270788912579,0.31343283582089554,0.17484008528784648
1124053,0.524822695035461,0.21631205673758866,0.2588652482269504
1124054,0.5960591133004927,0.2660098522167488,0.13793103448275865
1124055,0.549520766773163,0.2971246006389776,0.15335463258785942
1124056,0.6810126582278481,0.1569620253164557,0.1620253164556962
1124057,0.5143487858719646,0.35099337748344367,0.1346578366445916
1124058,0.48275862068965514,0.2995689655172414,0.21767241379310343
1124059,0.3664302600472813,0.33333333333333337,0.30023640661938533
1124060,0.4131868131868132,0.38901098901098907,0.1978021978021978
1124061,0.4320754716981132,0.3528301886792453,0.21509433962264154
1124062,0.5828402366863905,0.31065088757396453,0.10650887573964497
1124063,0.408695652173913,0.3495652173913043,0.2417391304347826
1124064,0.45410628019323673,0.2995169082125604,0.24637681159420294
1124065,0.41832669322709165,0.40637450199203184,0.1752988047808765
1124066,0.18684210526315792,0.5052631578947369,0.3078947368421052
1124067,0.5860215053763441,0.28763440860215056,0.12634408602150538
1124068,0.45161290322580644,0.3250620347394541,0.22332506203473945
1124069,0.367561260210035,0.3617269544924154,0.2707117852975496
1124071,0.4420731707317073,0.3262195121951219,0.23170731707317072
1124075,0.6727272727272727,0.19740259740259739,0.12987012987012986
1124077,0.244920993227991,0.48081264108352145,0.2742663656884876
1124078,0.667910447761194,0.2537313432835821,0.07835820895522388
1124079,0.4897959183673469,0.3520408163265306,0.15816326530612243
1124080,0.3388746803069053,0.35805626598465473,0.3030690537084399
1124081,0.6025316455696202,0.28101265822784816,0.11645569620253164
1124082,0.6559139784946236,0.11827956989247312,0.22580645161290325
1125053,0.5462184873949579,0.26890756302521,0.18487394957983191
1125054,0.46220302375809935,0.2786177105831534,0.25917926565874727
1125055,0.5456989247311829,0.31989247311827956,0.13440860215053765
1125056,0.5107913669064749,0.32014388489208634,0.16906474820143882
1125058,0.5819672131147542,0.2868852459016394,0.13114754098360656
1125059,0.613240418118467,0.2857142857142857,0.10104529616724738
1125061,0.5276243093922652,0.2955801104972376,0.17679558011049726
1125063,0.48823529411764705,0.34705882352941175,0.16470588235294117
1125065,0.41566265060240964,0.38353413654618473,0.20080321285140562
1125066,0.6578366445916114,0.19205298013245034,0.15011037527593818
1125067,0.6620879120879121,0.1510989010989011,0.18681318681318682
1125070,0.5515151515151515,0.3090909090909091,0.13939393939393938
1125071,0.32835820895522394,0.3830845771144279,0.2885572139303483
1125072,0.6895734597156399,0.13981042654028436,0.17061611374407584
1125073,0.30048780487804877,0.41560975609756096,0.2839024390243903
1125074,0.45569620253164556,0.34430379746835443,0.2
